Claim Year,Claim Month,Month,Payer Name/Type,Diagnosis Rollup,Patient Count
2011,1,01-01-2011,Aetna,Non-Cancer,2
2011,1,01-01-2011,Anthem,Non-Cancer,2
2011,1,01-01-2011,Dual Eligible,Non-Cancer,1
2011,1,01-01-2011,Medicaid,Cancer,1
2011,1,01-01-2011,Medicaid,Non-Cancer,1
2011,1,01-01-2011,Medicare,Cancer,1
2011,1,01-01-2011,Medicare,Non-Cancer,7
2011,1,01-01-2011,NO_INSURANCE,Cancer,1
2011,1,01-01-2011,NO_INSURANCE,Non-Cancer,3
2011,2,01-02-2011,Anthem,Non-Cancer,1
2011,2,01-02-2011,Cigna Health,Non-Cancer,1
2011,2,01-02-2011,Humana,Non-Cancer,1
2011,2,01-02-2011,Medicaid,Non-Cancer,1
2011,2,01-02-2011,Medicare,Cancer,1
2011,2,01-02-2011,Medicare,Non-Cancer,14
2011,2,01-02-2011,NO_INSURANCE,Cancer,2
2011,2,01-02-2011,NO_INSURANCE,Non-Cancer,1
2011,2,01-02-2011,UnitedHealthcare,Non-Cancer,2
2011,3,01-03-2011,Cigna Health,Non-Cancer,1
2011,3,01-03-2011,Dual Eligible,Non-Cancer,1
2011,3,01-03-2011,Humana,Non-Cancer,1
2011,3,01-03-2011,Medicaid,Non-Cancer,1
2011,3,01-03-2011,Medicare,Non-Cancer,20
2011,3,01-03-2011,NO_INSURANCE,Cancer,2
2011,3,01-03-2011,NO_INSURANCE,Non-Cancer,3
2011,3,01-03-2011,UnitedHealthcare,Non-Cancer,2
2011,4,01-04-2011,Dual Eligible,Non-Cancer,1
2011,4,01-04-2011,Humana,Non-Cancer,1
2011,4,01-04-2011,Medicaid,Non-Cancer,3
2011,4,01-04-2011,Medicare,Cancer,2
2011,4,01-04-2011,Medicare,Non-Cancer,14
2011,4,01-04-2011,NO_INSURANCE,Cancer,1
2011,4,01-04-2011,NO_INSURANCE,Non-Cancer,3
2011,4,01-04-2011,UnitedHealthcare,Non-Cancer,1
2011,5,01-05-2011,Humana,Non-Cancer,1
2011,5,01-05-2011,Medicaid,Non-Cancer,2
2011,5,01-05-2011,Medicare,Cancer,1
2011,5,01-05-2011,Medicare,Non-Cancer,12
2011,5,01-05-2011,NO_INSURANCE,Cancer,1
2011,5,01-05-2011,NO_INSURANCE,Non-Cancer,2
2011,5,01-05-2011,UnitedHealthcare,Non-Cancer,2
2011,6,01-06-2011,Blue Cross Blue Shield,Non-Cancer,1
2011,6,01-06-2011,Cigna Health,Non-Cancer,1
2011,6,01-06-2011,Dual Eligible,Non-Cancer,1
2011,6,01-06-2011,Humana,Non-Cancer,2
2011,6,01-06-2011,Medicaid,Non-Cancer,2
2011,6,01-06-2011,Medicare,Cancer,1
2011,6,01-06-2011,Medicare,Non-Cancer,12
2011,6,01-06-2011,NO_INSURANCE,Cancer,1
2011,6,01-06-2011,NO_INSURANCE,Non-Cancer,5
2011,6,01-06-2011,UnitedHealthcare,Non-Cancer,1
2011,7,01-07-2011,Anthem,Non-Cancer,1
2011,7,01-07-2011,Dual Eligible,Non-Cancer,2
2011,7,01-07-2011,Medicaid,Non-Cancer,2
2011,7,01-07-2011,Medicare,Cancer,3
2011,7,01-07-2011,Medicare,Non-Cancer,12
2011,7,01-07-2011,NO_INSURANCE,Cancer,1
2011,7,01-07-2011,NO_INSURANCE,Non-Cancer,4
2011,7,01-07-2011,UnitedHealthcare,Non-Cancer,1
2011,8,01-08-2011,Anthem,Non-Cancer,1
2011,8,01-08-2011,Dual Eligible,Non-Cancer,1
2011,8,01-08-2011,Humana,Non-Cancer,1
2011,8,01-08-2011,Medicare,Cancer,1
2011,8,01-08-2011,Medicare,Non-Cancer,12
2011,8,01-08-2011,NO_INSURANCE,Cancer,1
2011,8,01-08-2011,NO_INSURANCE,Non-Cancer,5
2011,8,01-08-2011,UnitedHealthcare,Non-Cancer,1
2011,9,01-09-2011,Anthem,Non-Cancer,2
2011,9,01-09-2011,Cigna Health,Non-Cancer,1
2011,9,01-09-2011,Dual Eligible,Non-Cancer,1
2011,9,01-09-2011,Humana,Non-Cancer,1
2011,9,01-09-2011,Medicaid,Cancer,1
2011,9,01-09-2011,Medicaid,Non-Cancer,2
2011,9,01-09-2011,Medicare,Cancer,3
2011,9,01-09-2011,Medicare,Non-Cancer,11
2011,9,01-09-2011,NO_INSURANCE,Cancer,2
2011,9,01-09-2011,NO_INSURANCE,Non-Cancer,5
2011,9,01-09-2011,UnitedHealthcare,Non-Cancer,1
2011,10,01-10-2011,Aetna,Non-Cancer,3
2011,10,01-10-2011,Anthem,Non-Cancer,2
2011,10,01-10-2011,Blue Cross Blue Shield,Non-Cancer,2
2011,10,01-10-2011,Cigna Health,Non-Cancer,1
2011,10,01-10-2011,Dual Eligible,Non-Cancer,1
2011,10,01-10-2011,Humana,Non-Cancer,2
2011,10,01-10-2011,Medicaid,Cancer,1
2011,10,01-10-2011,Medicare,Cancer,2
2011,10,01-10-2011,Medicare,Non-Cancer,7
2011,10,01-10-2011,NO_INSURANCE,Cancer,1
2011,10,01-10-2011,NO_INSURANCE,Non-Cancer,3
2011,11,01-11-2011,Anthem,Non-Cancer,1
2011,11,01-11-2011,Blue Cross Blue Shield,Non-Cancer,4
2011,11,01-11-2011,Dual Eligible,Non-Cancer,2
2011,11,01-11-2011,Humana,Non-Cancer,1
2011,11,01-11-2011,Medicaid,Cancer,1
2011,11,01-11-2011,Medicaid,Non-Cancer,2
2011,11,01-11-2011,Medicare,Cancer,2
2011,11,01-11-2011,Medicare,Non-Cancer,20
2011,11,01-11-2011,NO_INSURANCE,Cancer,1
2011,11,01-11-2011,NO_INSURANCE,Non-Cancer,3
2011,11,01-11-2011,UnitedHealthcare,Non-Cancer,1
2011,12,01-12-2011,Aetna,Non-Cancer,1
2011,12,01-12-2011,Anthem,Non-Cancer,1
2011,12,01-12-2011,Blue Cross Blue Shield,Non-Cancer,1
2011,12,01-12-2011,Cigna Health,Non-Cancer,4
2011,12,01-12-2011,Humana,Non-Cancer,1
2011,12,01-12-2011,Medicaid,Cancer,1
2011,12,01-12-2011,Medicaid,Non-Cancer,1
2011,12,01-12-2011,Medicare,Cancer,2
2011,12,01-12-2011,Medicare,Non-Cancer,17
2011,12,01-12-2011,NO_INSURANCE,Cancer,1
2011,12,01-12-2011,NO_INSURANCE,Non-Cancer,3
2012,1,01-01-2012,Aetna,Non-Cancer,1
2012,1,01-01-2012,Anthem,Non-Cancer,2
2012,1,01-01-2012,Blue Cross Blue Shield,Non-Cancer,3
2012,1,01-01-2012,Cigna Health,Non-Cancer,2
2012,1,01-01-2012,Dual Eligible,Non-Cancer,2
2012,1,01-01-2012,Humana,Non-Cancer,2
2012,1,01-01-2012,Medicaid,Non-Cancer,1
2012,1,01-01-2012,Medicare,Cancer,1
2012,1,01-01-2012,Medicare,Non-Cancer,11
2012,1,01-01-2012,NO_INSURANCE,Cancer,2
2012,1,01-01-2012,NO_INSURANCE,Non-Cancer,1
2012,1,01-01-2012,UnitedHealthcare,Non-Cancer,1
2012,2,01-02-2012,Anthem,Non-Cancer,1
2012,2,01-02-2012,Blue Cross Blue Shield,Non-Cancer,6
2012,2,01-02-2012,Cigna Health,Non-Cancer,1
2012,2,01-02-2012,Humana,Non-Cancer,4
2012,2,01-02-2012,Medicaid,Non-Cancer,4
2012,2,01-02-2012,Medicare,Cancer,1
2012,2,01-02-2012,Medicare,Non-Cancer,16
2012,2,01-02-2012,NO_INSURANCE,Cancer,2
2012,2,01-02-2012,NO_INSURANCE,Non-Cancer,9
2012,2,01-02-2012,UnitedHealthcare,Non-Cancer,4
2012,3,01-03-2012,Aetna,Non-Cancer,2
2012,3,01-03-2012,Blue Cross Blue Shield,Non-Cancer,2
2012,3,01-03-2012,Cigna Health,Non-Cancer,1
2012,3,01-03-2012,Dual Eligible,Non-Cancer,2
2012,3,01-03-2012,Humana,Non-Cancer,1
2012,3,01-03-2012,Medicaid,Non-Cancer,4
2012,3,01-03-2012,Medicare,Cancer,1
2012,3,01-03-2012,Medicare,Non-Cancer,21
2012,3,01-03-2012,NO_INSURANCE,Cancer,2
2012,3,01-03-2012,NO_INSURANCE,Non-Cancer,11
2012,3,01-03-2012,UnitedHealthcare,Non-Cancer,2
2012,4,01-04-2012,Aetna,Cancer,1
2012,4,01-04-2012,Aetna,Non-Cancer,1
2012,4,01-04-2012,Anthem,Non-Cancer,3
2012,4,01-04-2012,Blue Cross Blue Shield,Non-Cancer,6
2012,4,01-04-2012,Cigna Health,Cancer,1
2012,4,01-04-2012,Cigna Health,Non-Cancer,1
2012,4,01-04-2012,Dual Eligible,Non-Cancer,1
2012,4,01-04-2012,Humana,Non-Cancer,1
2012,4,01-04-2012,Medicaid,Cancer,1
2012,4,01-04-2012,Medicaid,Non-Cancer,2
2012,4,01-04-2012,Medicare,Cancer,1
2012,4,01-04-2012,Medicare,Non-Cancer,17
2012,4,01-04-2012,NO_INSURANCE,Cancer,1
2012,4,01-04-2012,NO_INSURANCE,Non-Cancer,14
2012,4,01-04-2012,UnitedHealthcare,Non-Cancer,1
2012,5,01-05-2012,Aetna,Non-Cancer,1
2012,5,01-05-2012,Anthem,Cancer,1
2012,5,01-05-2012,Anthem,Non-Cancer,2
2012,5,01-05-2012,Blue Cross Blue Shield,Non-Cancer,3
2012,5,01-05-2012,Cigna Health,Non-Cancer,1
2012,5,01-05-2012,Dual Eligible,Non-Cancer,2
2012,5,01-05-2012,Humana,Non-Cancer,2
2012,5,01-05-2012,Medicaid,Non-Cancer,2
2012,5,01-05-2012,Medicare,Cancer,1
2012,5,01-05-2012,Medicare,Non-Cancer,19
2012,5,01-05-2012,NO_INSURANCE,Cancer,2
2012,5,01-05-2012,NO_INSURANCE,Non-Cancer,14
2012,5,01-05-2012,UnitedHealthcare,Non-Cancer,1
2012,6,01-06-2012,Aetna,Non-Cancer,1
2012,6,01-06-2012,Anthem,Non-Cancer,2
2012,6,01-06-2012,Blue Cross Blue Shield,Non-Cancer,4
2012,6,01-06-2012,Dual Eligible,Non-Cancer,1
2012,6,01-06-2012,Humana,Non-Cancer,5
2012,6,01-06-2012,Medicaid,Non-Cancer,2
2012,6,01-06-2012,Medicare,Cancer,1
2012,6,01-06-2012,Medicare,Non-Cancer,15
2012,6,01-06-2012,NO_INSURANCE,Cancer,2
2012,6,01-06-2012,NO_INSURANCE,Non-Cancer,13
2012,6,01-06-2012,UnitedHealthcare,Non-Cancer,2
2012,7,01-07-2012,Aetna,Non-Cancer,1
2012,7,01-07-2012,Anthem,Non-Cancer,1
2012,7,01-07-2012,Blue Cross Blue Shield,Non-Cancer,3
2012,7,01-07-2012,Cigna Health,Cancer,1
2012,7,01-07-2012,Cigna Health,Non-Cancer,2
2012,7,01-07-2012,Dual Eligible,Non-Cancer,2
2012,7,01-07-2012,Humana,Non-Cancer,4
2012,7,01-07-2012,Medicaid,Cancer,1
2012,7,01-07-2012,Medicaid,Non-Cancer,5
2012,7,01-07-2012,Medicare,Cancer,2
2012,7,01-07-2012,Medicare,Non-Cancer,18
2012,7,01-07-2012,NO_INSURANCE,Cancer,1
2012,7,01-07-2012,NO_INSURANCE,Non-Cancer,11
2012,7,01-07-2012,UnitedHealthcare,Non-Cancer,1
2012,8,01-08-2012,Aetna,Cancer,1
2012,8,01-08-2012,Aetna,Non-Cancer,1
2012,8,01-08-2012,Blue Cross Blue Shield,Non-Cancer,4
2012,8,01-08-2012,Cigna Health,Non-Cancer,3
2012,8,01-08-2012,Dual Eligible,Non-Cancer,2
2012,8,01-08-2012,Humana,Non-Cancer,1
2012,8,01-08-2012,Medicaid,Non-Cancer,2
2012,8,01-08-2012,Medicare,Cancer,2
2012,8,01-08-2012,Medicare,Non-Cancer,14
2012,8,01-08-2012,NO_INSURANCE,Cancer,1
2012,8,01-08-2012,NO_INSURANCE,Non-Cancer,12
2012,8,01-08-2012,UnitedHealthcare,Non-Cancer,1
2012,9,01-09-2012,Aetna,Non-Cancer,5
2012,9,01-09-2012,Anthem,Non-Cancer,2
2012,9,01-09-2012,Blue Cross Blue Shield,Non-Cancer,4
2012,9,01-09-2012,Cigna Health,Non-Cancer,3
2012,9,01-09-2012,Humana,Non-Cancer,4
2012,9,01-09-2012,Medicaid,Non-Cancer,3
2012,9,01-09-2012,Medicare,Cancer,2
2012,9,01-09-2012,Medicare,Non-Cancer,13
2012,9,01-09-2012,NO_INSURANCE,Cancer,2
2012,9,01-09-2012,NO_INSURANCE,Non-Cancer,12
2012,9,01-09-2012,UnitedHealthcare,Non-Cancer,2
2012,10,01-10-2012,Blue Cross Blue Shield,Non-Cancer,5
2012,10,01-10-2012,Cigna Health,Non-Cancer,3
2012,10,01-10-2012,Humana,Non-Cancer,3
2012,10,01-10-2012,Medicaid,Cancer,1
2012,10,01-10-2012,Medicaid,Non-Cancer,1
2012,10,01-10-2012,Medicare,Cancer,1
2012,10,01-10-2012,Medicare,Non-Cancer,8
2012,10,01-10-2012,NO_INSURANCE,Cancer,2
2012,10,01-10-2012,NO_INSURANCE,Non-Cancer,6
2012,11,01-11-2012,Anthem,Non-Cancer,4
2012,11,01-11-2012,Blue Cross Blue Shield,Non-Cancer,3
2012,11,01-11-2012,Cigna Health,Cancer,1
2012,11,01-11-2012,Cigna Health,Non-Cancer,3
2012,11,01-11-2012,Dual Eligible,Non-Cancer,3
2012,11,01-11-2012,Humana,Non-Cancer,1
2012,11,01-11-2012,Medicaid,Cancer,1
2012,11,01-11-2012,Medicaid,Non-Cancer,3
2012,11,01-11-2012,Medicare,Cancer,2
2012,11,01-11-2012,Medicare,Non-Cancer,18
2012,11,01-11-2012,NO_INSURANCE,Cancer,2
2012,11,01-11-2012,NO_INSURANCE,Non-Cancer,4
2012,12,01-12-2012,Aetna,Cancer,1
2012,12,01-12-2012,Aetna,Non-Cancer,1
2012,12,01-12-2012,Anthem,Non-Cancer,1
2012,12,01-12-2012,Blue Cross Blue Shield,Non-Cancer,5
2012,12,01-12-2012,Cigna Health,Non-Cancer,2
2012,12,01-12-2012,Dual Eligible,Non-Cancer,3
2012,12,01-12-2012,Humana,Non-Cancer,2
2012,12,01-12-2012,Medicaid,Cancer,1
2012,12,01-12-2012,Medicaid,Non-Cancer,5
2012,12,01-12-2012,Medicare,Cancer,1
2012,12,01-12-2012,Medicare,Non-Cancer,15
2012,12,01-12-2012,NO_INSURANCE,Cancer,1
2012,12,01-12-2012,NO_INSURANCE,Non-Cancer,6
2012,12,01-12-2012,UnitedHealthcare,Non-Cancer,1
2013,1,01-01-2013,Aetna,Non-Cancer,1
2013,1,01-01-2013,Anthem,Non-Cancer,1
2013,1,01-01-2013,Blue Cross Blue Shield,Non-Cancer,3
2013,1,01-01-2013,Cigna Health,Non-Cancer,1
2013,1,01-01-2013,Humana,Cancer,1
2013,1,01-01-2013,Medicaid,Non-Cancer,5
2013,1,01-01-2013,Medicare,Cancer,3
2013,1,01-01-2013,Medicare,Non-Cancer,16
2013,1,01-01-2013,NO_INSURANCE,Cancer,1
2013,1,01-01-2013,NO_INSURANCE,Non-Cancer,5
2013,1,01-01-2013,UnitedHealthcare,Non-Cancer,1
2013,2,01-02-2013,Aetna,Non-Cancer,1
2013,2,01-02-2013,Anthem,Non-Cancer,2
2013,2,01-02-2013,Blue Cross Blue Shield,Non-Cancer,4
2013,2,01-02-2013,Cigna Health,Cancer,1
2013,2,01-02-2013,Cigna Health,Non-Cancer,3
2013,2,01-02-2013,Medicaid,Cancer,1
2013,2,01-02-2013,Medicaid,Non-Cancer,6
2013,2,01-02-2013,Medicare,Cancer,1
2013,2,01-02-2013,Medicare,Non-Cancer,19
2013,2,01-02-2013,NO_INSURANCE,Cancer,1
2013,2,01-02-2013,NO_INSURANCE,Non-Cancer,8
2013,3,01-03-2013,Aetna,Cancer,1
2013,3,01-03-2013,Aetna,Non-Cancer,5
2013,3,01-03-2013,Anthem,Non-Cancer,3
2013,3,01-03-2013,Blue Cross Blue Shield,Non-Cancer,2
2013,3,01-03-2013,Cigna Health,Non-Cancer,4
2013,3,01-03-2013,Dual Eligible,Non-Cancer,1
2013,3,01-03-2013,Humana,Non-Cancer,2
2013,3,01-03-2013,Medicaid,Non-Cancer,4
2013,3,01-03-2013,Medicare,Cancer,1
2013,3,01-03-2013,Medicare,Non-Cancer,23
2013,3,01-03-2013,NO_INSURANCE,Cancer,2
2013,3,01-03-2013,NO_INSURANCE,Non-Cancer,7
2013,3,01-03-2013,UnitedHealthcare,Non-Cancer,1
2013,4,01-04-2013,Aetna,Non-Cancer,2
2013,4,01-04-2013,Anthem,Non-Cancer,1
2013,4,01-04-2013,Blue Cross Blue Shield,Non-Cancer,1
2013,4,01-04-2013,Cigna Health,Non-Cancer,1
2013,4,01-04-2013,Dual Eligible,Non-Cancer,2
2013,4,01-04-2013,Humana,Non-Cancer,3
2013,4,01-04-2013,Medicaid,Non-Cancer,9
2013,4,01-04-2013,Medicare,Cancer,2
2013,4,01-04-2013,Medicare,Non-Cancer,20
2013,4,01-04-2013,NO_INSURANCE,Cancer,2
2013,4,01-04-2013,NO_INSURANCE,Non-Cancer,12
2013,4,01-04-2013,UnitedHealthcare,Non-Cancer,2
2013,5,01-05-2013,Aetna,Non-Cancer,1
2013,5,01-05-2013,Anthem,Non-Cancer,1
2013,5,01-05-2013,Cigna Health,Non-Cancer,3
2013,5,01-05-2013,Humana,Cancer,1
2013,5,01-05-2013,Humana,Non-Cancer,3
2013,5,01-05-2013,Medicaid,Non-Cancer,9
2013,5,01-05-2013,Medicare,Cancer,3
2013,5,01-05-2013,Medicare,Non-Cancer,19
2013,5,01-05-2013,NO_INSURANCE,Cancer,2
2013,5,01-05-2013,NO_INSURANCE,Non-Cancer,9
2013,5,01-05-2013,UnitedHealthcare,Non-Cancer,1
2013,6,01-06-2013,Aetna,Non-Cancer,1
2013,6,01-06-2013,Anthem,Non-Cancer,2
2013,6,01-06-2013,Blue Cross Blue Shield,Non-Cancer,1
2013,6,01-06-2013,Cigna Health,Non-Cancer,4
2013,6,01-06-2013,Dual Eligible,Non-Cancer,1
2013,6,01-06-2013,Humana,Non-Cancer,3
2013,6,01-06-2013,Medicaid,Cancer,2
2013,6,01-06-2013,Medicaid,Non-Cancer,8
2013,6,01-06-2013,Medicare,Cancer,3
2013,6,01-06-2013,Medicare,Non-Cancer,16
2013,6,01-06-2013,NO_INSURANCE,Cancer,2
2013,6,01-06-2013,NO_INSURANCE,Non-Cancer,12
2013,6,01-06-2013,UnitedHealthcare,Non-Cancer,1
2013,7,01-07-2013,Aetna,Non-Cancer,1
2013,7,01-07-2013,Anthem,Non-Cancer,2
2013,7,01-07-2013,Blue Cross Blue Shield,Cancer,1
2013,7,01-07-2013,Blue Cross Blue Shield,Non-Cancer,2
2013,7,01-07-2013,Cigna Health,Non-Cancer,1
2013,7,01-07-2013,Dual Eligible,Non-Cancer,2
2013,7,01-07-2013,Humana,Non-Cancer,1
2013,7,01-07-2013,Medicaid,Non-Cancer,5
2013,7,01-07-2013,Medicare,Cancer,1
2013,7,01-07-2013,Medicare,Non-Cancer,19
2013,7,01-07-2013,NO_INSURANCE,Cancer,2
2013,7,01-07-2013,NO_INSURANCE,Non-Cancer,7
2013,7,01-07-2013,UnitedHealthcare,Non-Cancer,1
2013,8,01-08-2013,Aetna,Non-Cancer,2
2013,8,01-08-2013,Anthem,Non-Cancer,2
2013,8,01-08-2013,Blue Cross Blue Shield,Non-Cancer,3
2013,8,01-08-2013,Cigna Health,Non-Cancer,5
2013,8,01-08-2013,Dual Eligible,Non-Cancer,1
2013,8,01-08-2013,Humana,Non-Cancer,3
2013,8,01-08-2013,Medicaid,Non-Cancer,5
2013,8,01-08-2013,Medicare,Cancer,3
2013,8,01-08-2013,Medicare,Non-Cancer,16
2013,8,01-08-2013,NO_INSURANCE,Cancer,2
2013,8,01-08-2013,NO_INSURANCE,Non-Cancer,10
2013,8,01-08-2013,UnitedHealthcare,Non-Cancer,3
2013,9,01-09-2013,Aetna,Non-Cancer,2
2013,9,01-09-2013,Anthem,Non-Cancer,4
2013,9,01-09-2013,Blue Cross Blue Shield,Non-Cancer,4
2013,9,01-09-2013,Cigna Health,Non-Cancer,4
2013,9,01-09-2013,Dual Eligible,Non-Cancer,1
2013,9,01-09-2013,Humana,Non-Cancer,1
2013,9,01-09-2013,Medicaid,Non-Cancer,6
2013,9,01-09-2013,Medicare,Non-Cancer,14
2013,9,01-09-2013,NO_INSURANCE,Cancer,3
2013,9,01-09-2013,NO_INSURANCE,Non-Cancer,10
2013,9,01-09-2013,UnitedHealthcare,Non-Cancer,3
2013,10,01-10-2013,Aetna,Non-Cancer,2
2013,10,01-10-2013,Blue Cross Blue Shield,Cancer,1
2013,10,01-10-2013,Blue Cross Blue Shield,Non-Cancer,1
2013,10,01-10-2013,Cigna Health,Non-Cancer,1
2013,10,01-10-2013,Humana,Non-Cancer,3
2013,10,01-10-2013,Medicaid,Cancer,1
2013,10,01-10-2013,Medicaid,Non-Cancer,9
2013,10,01-10-2013,Medicare,Cancer,4
2013,10,01-10-2013,Medicare,Non-Cancer,13
2013,10,01-10-2013,NO_INSURANCE,Cancer,3
2013,10,01-10-2013,NO_INSURANCE,Non-Cancer,12
2013,10,01-10-2013,UnitedHealthcare,Non-Cancer,3
2013,11,01-11-2013,Anthem,Non-Cancer,3
2013,11,01-11-2013,Blue Cross Blue Shield,Non-Cancer,5
2013,11,01-11-2013,Dual Eligible,Non-Cancer,2
2013,11,01-11-2013,Humana,Non-Cancer,3
2013,11,01-11-2013,Medicaid,Cancer,1
2013,11,01-11-2013,Medicaid,Non-Cancer,3
2013,11,01-11-2013,Medicare,Cancer,3
2013,11,01-11-2013,Medicare,Non-Cancer,22
2013,11,01-11-2013,NO_INSURANCE,Cancer,1
2013,11,01-11-2013,NO_INSURANCE,Non-Cancer,8
2013,11,01-11-2013,UnitedHealthcare,Non-Cancer,3
2013,12,01-12-2013,Aetna,Cancer,1
2013,12,01-12-2013,Blue Cross Blue Shield,Non-Cancer,5
2013,12,01-12-2013,Cigna Health,Non-Cancer,2
2013,12,01-12-2013,Humana,Non-Cancer,3
2013,12,01-12-2013,Medicaid,Non-Cancer,3
2013,12,01-12-2013,Medicare,Cancer,2
2013,12,01-12-2013,Medicare,Non-Cancer,14
2013,12,01-12-2013,NO_INSURANCE,Cancer,1
2013,12,01-12-2013,NO_INSURANCE,Non-Cancer,6
2013,12,01-12-2013,UnitedHealthcare,Non-Cancer,2
2014,1,01-01-2014,Aetna,Cancer,2
2014,1,01-01-2014,Aetna,Non-Cancer,2
2014,1,01-01-2014,Anthem,Non-Cancer,1
2014,1,01-01-2014,Blue Cross Blue Shield,Cancer,1
2014,1,01-01-2014,Cigna Health,Non-Cancer,1
2014,1,01-01-2014,Medicaid,Cancer,1
2014,1,01-01-2014,Medicaid,Non-Cancer,4
2014,1,01-01-2014,Medicare,Cancer,1
2014,1,01-01-2014,Medicare,Non-Cancer,13
2014,1,01-01-2014,NO_INSURANCE,Cancer,1
2014,1,01-01-2014,NO_INSURANCE,Non-Cancer,11
2014,1,01-01-2014,UnitedHealthcare,Non-Cancer,4
2014,2,01-02-2014,Aetna,Non-Cancer,2
2014,2,01-02-2014,Anthem,Non-Cancer,2
2014,2,01-02-2014,Cigna Health,Non-Cancer,2
2014,2,01-02-2014,Dual Eligible,Non-Cancer,2
2014,2,01-02-2014,Humana,Non-Cancer,2
2014,2,01-02-2014,Medicaid,Non-Cancer,3
2014,2,01-02-2014,Medicare,Cancer,1
2014,2,01-02-2014,Medicare,Non-Cancer,12
2014,2,01-02-2014,NO_INSURANCE,Cancer,1
2014,2,01-02-2014,NO_INSURANCE,Non-Cancer,7
2014,2,01-02-2014,UnitedHealthcare,Non-Cancer,5
2014,3,01-03-2014,Aetna,Non-Cancer,1
2014,3,01-03-2014,Anthem,Non-Cancer,2
2014,3,01-03-2014,Blue Cross Blue Shield,Non-Cancer,1
2014,3,01-03-2014,Cigna Health,Non-Cancer,4
2014,3,01-03-2014,Dual Eligible,Cancer,1
2014,3,01-03-2014,Dual Eligible,Non-Cancer,2
2014,3,01-03-2014,Humana,Non-Cancer,2
2014,3,01-03-2014,Medicaid,Non-Cancer,6
2014,3,01-03-2014,Medicare,Non-Cancer,21
2014,3,01-03-2014,NO_INSURANCE,Cancer,1
2014,3,01-03-2014,NO_INSURANCE,Non-Cancer,11
2014,3,01-03-2014,UnitedHealthcare,Non-Cancer,3
2014,4,01-04-2014,Aetna,Non-Cancer,2
2014,4,01-04-2014,Anthem,Non-Cancer,3
2014,4,01-04-2014,Blue Cross Blue Shield,Non-Cancer,1
2014,4,01-04-2014,Cigna Health,Non-Cancer,2
2014,4,01-04-2014,Dual Eligible,Non-Cancer,3
2014,4,01-04-2014,Humana,Non-Cancer,1
2014,4,01-04-2014,Medicaid,Non-Cancer,4
2014,4,01-04-2014,Medicare,Cancer,1
2014,4,01-04-2014,Medicare,Non-Cancer,22
2014,4,01-04-2014,NO_INSURANCE,Cancer,3
2014,4,01-04-2014,NO_INSURANCE,Non-Cancer,8
2014,4,01-04-2014,UnitedHealthcare,Non-Cancer,2
2014,5,01-05-2014,Aetna,Non-Cancer,3
2014,5,01-05-2014,Anthem,Non-Cancer,1
2014,5,01-05-2014,Blue Cross Blue Shield,Non-Cancer,2
2014,5,01-05-2014,Cigna Health,Non-Cancer,2
2014,5,01-05-2014,Dual Eligible,Non-Cancer,1
2014,5,01-05-2014,Humana,Cancer,1
2014,5,01-05-2014,Humana,Non-Cancer,3
2014,5,01-05-2014,Medicaid,Cancer,1
2014,5,01-05-2014,Medicaid,Non-Cancer,6
2014,5,01-05-2014,Medicare,Cancer,1
2014,5,01-05-2014,Medicare,Non-Cancer,16
2014,5,01-05-2014,NO_INSURANCE,Cancer,3
2014,5,01-05-2014,NO_INSURANCE,Non-Cancer,11
2014,5,01-05-2014,UnitedHealthcare,Non-Cancer,5
2014,6,01-06-2014,Aetna,Non-Cancer,4
2014,6,01-06-2014,Anthem,Non-Cancer,1
2014,6,01-06-2014,Blue Cross Blue Shield,Non-Cancer,3
2014,6,01-06-2014,Cigna Health,Non-Cancer,2
2014,6,01-06-2014,Humana,Cancer,1
2014,6,01-06-2014,Humana,Non-Cancer,1
2014,6,01-06-2014,Medicaid,Non-Cancer,5
2014,6,01-06-2014,Medicare,Cancer,2
2014,6,01-06-2014,Medicare,Non-Cancer,16
2014,6,01-06-2014,NO_INSURANCE,Cancer,3
2014,6,01-06-2014,NO_INSURANCE,Non-Cancer,12
2014,6,01-06-2014,UnitedHealthcare,Non-Cancer,6
2014,7,01-07-2014,Aetna,Non-Cancer,3
2014,7,01-07-2014,Blue Cross Blue Shield,Non-Cancer,4
2014,7,01-07-2014,Cigna Health,Non-Cancer,1
2014,7,01-07-2014,Dual Eligible,Non-Cancer,1
2014,7,01-07-2014,Humana,Cancer,1
2014,7,01-07-2014,Humana,Non-Cancer,1
2014,7,01-07-2014,Medicaid,Non-Cancer,6
2014,7,01-07-2014,Medicare,Cancer,2
2014,7,01-07-2014,Medicare,Non-Cancer,15
2014,7,01-07-2014,NO_INSURANCE,Cancer,3
2014,7,01-07-2014,NO_INSURANCE,Non-Cancer,12
2014,7,01-07-2014,UnitedHealthcare,Non-Cancer,4
2014,8,01-08-2014,Aetna,Non-Cancer,3
2014,8,01-08-2014,Anthem,Non-Cancer,3
2014,8,01-08-2014,Blue Cross Blue Shield,Non-Cancer,3
2014,8,01-08-2014,Cigna Health,Non-Cancer,1
2014,8,01-08-2014,Dual Eligible,Non-Cancer,1
2014,8,01-08-2014,Humana,Cancer,1
2014,8,01-08-2014,Humana,Non-Cancer,3
2014,8,01-08-2014,Medicaid,Cancer,1
2014,8,01-08-2014,Medicaid,Non-Cancer,7
2014,8,01-08-2014,Medicare,Cancer,1
2014,8,01-08-2014,Medicare,Non-Cancer,21
2014,8,01-08-2014,NO_INSURANCE,Cancer,2
2014,8,01-08-2014,NO_INSURANCE,Non-Cancer,14
2014,8,01-08-2014,UnitedHealthcare,Non-Cancer,2
2014,9,01-09-2014,Aetna,Cancer,1
2014,9,01-09-2014,Aetna,Non-Cancer,3
2014,9,01-09-2014,Blue Cross Blue Shield,Non-Cancer,3
2014,9,01-09-2014,Cigna Health,Non-Cancer,1
2014,9,01-09-2014,Dual Eligible,Non-Cancer,3
2014,9,01-09-2014,Humana,Cancer,1
2014,9,01-09-2014,Humana,Non-Cancer,1
2014,9,01-09-2014,Medicaid,Non-Cancer,6
2014,9,01-09-2014,Medicare,Cancer,2
2014,9,01-09-2014,Medicare,Non-Cancer,14
2014,9,01-09-2014,NO_INSURANCE,Cancer,2
2014,9,01-09-2014,NO_INSURANCE,Non-Cancer,15
2014,9,01-09-2014,UnitedHealthcare,Non-Cancer,2
2014,10,01-10-2014,Aetna,Non-Cancer,2
2014,10,01-10-2014,Anthem,Non-Cancer,2
2014,10,01-10-2014,Blue Cross Blue Shield,Non-Cancer,3
2014,10,01-10-2014,Cigna Health,Non-Cancer,2
2014,10,01-10-2014,Dual Eligible,Cancer,1
2014,10,01-10-2014,Dual Eligible,Non-Cancer,1
2014,10,01-10-2014,Humana,Cancer,1
2014,10,01-10-2014,Medicaid,Non-Cancer,7
2014,10,01-10-2014,Medicare,Cancer,5
2014,10,01-10-2014,Medicare,Non-Cancer,17
2014,10,01-10-2014,NO_INSURANCE,Cancer,1
2014,10,01-10-2014,NO_INSURANCE,Non-Cancer,12
2014,10,01-10-2014,UnitedHealthcare,Non-Cancer,1
2014,11,01-11-2014,Aetna,Non-Cancer,3
2014,11,01-11-2014,Anthem,Non-Cancer,1
2014,11,01-11-2014,Blue Cross Blue Shield,Non-Cancer,3
2014,11,01-11-2014,Dual Eligible,Non-Cancer,4
2014,11,01-11-2014,Humana,Cancer,1
2014,11,01-11-2014,Humana,Non-Cancer,1
2014,11,01-11-2014,Medicaid,Non-Cancer,7
2014,11,01-11-2014,Medicare,Cancer,4
2014,11,01-11-2014,Medicare,Non-Cancer,23
2014,11,01-11-2014,NO_INSURANCE,Cancer,2
2014,11,01-11-2014,NO_INSURANCE,Non-Cancer,12
2014,11,01-11-2014,UnitedHealthcare,Non-Cancer,1
2014,12,01-12-2014,Aetna,Non-Cancer,1
2014,12,01-12-2014,Anthem,Non-Cancer,2
2014,12,01-12-2014,Blue Cross Blue Shield,Non-Cancer,3
2014,12,01-12-2014,Cigna Health,Non-Cancer,3
2014,12,01-12-2014,Humana,Non-Cancer,2
2014,12,01-12-2014,Medicaid,Cancer,1
2014,12,01-12-2014,Medicaid,Non-Cancer,10
2014,12,01-12-2014,Medicare,Cancer,1
2014,12,01-12-2014,Medicare,Non-Cancer,20
2014,12,01-12-2014,NO_INSURANCE,Non-Cancer,8
2014,12,01-12-2014,UnitedHealthcare,Cancer,2
2014,12,01-12-2014,UnitedHealthcare,Non-Cancer,5
2015,1,01-01-2015,Aetna,Non-Cancer,5
2015,1,01-01-2015,Anthem,Non-Cancer,3
2015,1,01-01-2015,Blue Cross Blue Shield,Non-Cancer,3
2015,1,01-01-2015,Dual Eligible,Non-Cancer,1
2015,1,01-01-2015,Humana,Cancer,1
2015,1,01-01-2015,Humana,Non-Cancer,1
2015,1,01-01-2015,Medicaid,Non-Cancer,9
2015,1,01-01-2015,Medicare,Cancer,3
2015,1,01-01-2015,Medicare,Non-Cancer,15
2015,1,01-01-2015,NO_INSURANCE,Non-Cancer,8
2015,1,01-01-2015,UnitedHealthcare,Non-Cancer,2
2015,2,01-02-2015,Aetna,Non-Cancer,3
2015,2,01-02-2015,Anthem,Non-Cancer,3
2015,2,01-02-2015,Blue Cross Blue Shield,Non-Cancer,4
2015,2,01-02-2015,Cigna Health,Non-Cancer,1
2015,2,01-02-2015,Humana,Non-Cancer,4
2015,2,01-02-2015,Medicaid,Non-Cancer,5
2015,2,01-02-2015,Medicare,Cancer,2
2015,2,01-02-2015,Medicare,Non-Cancer,9
2015,2,01-02-2015,NO_INSURANCE,Cancer,1
2015,2,01-02-2015,NO_INSURANCE,Non-Cancer,9
2015,2,01-02-2015,UnitedHealthcare,Non-Cancer,1
2015,3,01-03-2015,Aetna,Non-Cancer,2
2015,3,01-03-2015,Anthem,Non-Cancer,2
2015,3,01-03-2015,Blue Cross Blue Shield,Non-Cancer,3
2015,3,01-03-2015,Dual Eligible,Non-Cancer,2
2015,3,01-03-2015,Humana,Non-Cancer,1
2015,3,01-03-2015,Medicaid,Cancer,1
2015,3,01-03-2015,Medicaid,Non-Cancer,5
2015,3,01-03-2015,Medicare,Cancer,1
2015,3,01-03-2015,Medicare,Non-Cancer,19
2015,3,01-03-2015,NO_INSURANCE,Non-Cancer,11
2015,3,01-03-2015,UnitedHealthcare,Non-Cancer,3
2015,4,01-04-2015,Aetna,Non-Cancer,1
2015,4,01-04-2015,Anthem,Cancer,1
2015,4,01-04-2015,Blue Cross Blue Shield,Non-Cancer,1
2015,4,01-04-2015,Cigna Health,Non-Cancer,1
2015,4,01-04-2015,Dual Eligible,Non-Cancer,3
2015,4,01-04-2015,Humana,Non-Cancer,2
2015,4,01-04-2015,Medicaid,Non-Cancer,8
2015,4,01-04-2015,Medicare,Cancer,2
2015,4,01-04-2015,Medicare,Non-Cancer,15
2015,4,01-04-2015,NO_INSURANCE,Non-Cancer,10
2015,4,01-04-2015,UnitedHealthcare,Non-Cancer,2
2015,5,01-05-2015,Aetna,Non-Cancer,1
2015,5,01-05-2015,Blue Cross Blue Shield,Non-Cancer,4
2015,5,01-05-2015,Dual Eligible,Non-Cancer,1
2015,5,01-05-2015,Humana,Non-Cancer,3
2015,5,01-05-2015,Medicaid,Cancer,1
2015,5,01-05-2015,Medicaid,Non-Cancer,4
2015,5,01-05-2015,Medicare,Cancer,2
2015,5,01-05-2015,Medicare,Non-Cancer,19
2015,5,01-05-2015,NO_INSURANCE,Non-Cancer,16
2015,6,01-06-2015,Aetna,Non-Cancer,3
2015,6,01-06-2015,Anthem,Non-Cancer,4
2015,6,01-06-2015,Blue Cross Blue Shield,Non-Cancer,3
2015,6,01-06-2015,Cigna Health,Non-Cancer,1
2015,6,01-06-2015,Dual Eligible,Non-Cancer,2
2015,6,01-06-2015,Humana,Non-Cancer,2
2015,6,01-06-2015,Medicaid,Non-Cancer,4
2015,6,01-06-2015,Medicare,Non-Cancer,12
2015,6,01-06-2015,NO_INSURANCE,Cancer,1
2015,6,01-06-2015,NO_INSURANCE,Non-Cancer,9
2015,6,01-06-2015,UnitedHealthcare,Non-Cancer,1
2015,7,01-07-2015,Aetna,Non-Cancer,3
2015,7,01-07-2015,Anthem,Non-Cancer,1
2015,7,01-07-2015,Blue Cross Blue Shield,Non-Cancer,1
2015,7,01-07-2015,Dual Eligible,Non-Cancer,2
2015,7,01-07-2015,Medicaid,Cancer,1
2015,7,01-07-2015,Medicaid,Non-Cancer,6
2015,7,01-07-2015,Medicare,Cancer,1
2015,7,01-07-2015,Medicare,Non-Cancer,17
2015,7,01-07-2015,NO_INSURANCE,Non-Cancer,12
2015,7,01-07-2015,UnitedHealthcare,Non-Cancer,1
2015,8,01-08-2015,Aetna,Non-Cancer,2
2015,8,01-08-2015,Anthem,Non-Cancer,2
2015,8,01-08-2015,Blue Cross Blue Shield,Non-Cancer,1
2015,8,01-08-2015,Cigna Health,Non-Cancer,1
2015,8,01-08-2015,Humana,Cancer,1
2015,8,01-08-2015,Medicaid,Non-Cancer,5
2015,8,01-08-2015,Medicare,Non-Cancer,20
2015,8,01-08-2015,NO_INSURANCE,Cancer,1
2015,8,01-08-2015,NO_INSURANCE,Non-Cancer,14
2015,8,01-08-2015,UnitedHealthcare,Non-Cancer,4
2015,9,01-09-2015,Aetna,Non-Cancer,2
2015,9,01-09-2015,Anthem,Non-Cancer,1
2015,9,01-09-2015,Blue Cross Blue Shield,Cancer,1
2015,9,01-09-2015,Blue Cross Blue Shield,Non-Cancer,3
2015,9,01-09-2015,Cigna Health,Non-Cancer,1
2015,9,01-09-2015,Dual Eligible,Non-Cancer,2
2015,9,01-09-2015,Humana,Non-Cancer,4
2015,9,01-09-2015,Medicaid,Non-Cancer,6
2015,9,01-09-2015,Medicare,Cancer,1
2015,9,01-09-2015,Medicare,Non-Cancer,17
2015,9,01-09-2015,NO_INSURANCE,Cancer,2
2015,9,01-09-2015,NO_INSURANCE,Non-Cancer,11
2015,9,01-09-2015,UnitedHealthcare,Non-Cancer,2
2015,10,01-10-2015,Blue Cross Blue Shield,Non-Cancer,2
2015,10,01-10-2015,Dual Eligible,Non-Cancer,3
2015,10,01-10-2015,Humana,Non-Cancer,2
2015,10,01-10-2015,Medicaid,Cancer,1
2015,10,01-10-2015,Medicaid,Non-Cancer,8
2015,10,01-10-2015,Medicare,Cancer,1
2015,10,01-10-2015,Medicare,Non-Cancer,15
2015,10,01-10-2015,NO_INSURANCE,Cancer,3
2015,10,01-10-2015,NO_INSURANCE,Non-Cancer,8
2015,10,01-10-2015,UnitedHealthcare,Non-Cancer,1
2015,11,01-11-2015,Aetna,Non-Cancer,1
2015,11,01-11-2015,Blue Cross Blue Shield,Non-Cancer,2
2015,11,01-11-2015,Cigna Health,Non-Cancer,2
2015,11,01-11-2015,Dual Eligible,Non-Cancer,4
2015,11,01-11-2015,Humana,Non-Cancer,2
2015,11,01-11-2015,Medicaid,Non-Cancer,6
2015,11,01-11-2015,Medicare,Cancer,4
2015,11,01-11-2015,Medicare,Non-Cancer,21
2015,11,01-11-2015,NO_INSURANCE,Cancer,2
2015,11,01-11-2015,NO_INSURANCE,Non-Cancer,11
2015,11,01-11-2015,UnitedHealthcare,Non-Cancer,2
2015,12,01-12-2015,Aetna,Non-Cancer,2
2015,12,01-12-2015,Anthem,Non-Cancer,2
2015,12,01-12-2015,Blue Cross Blue Shield,Non-Cancer,3
2015,12,01-12-2015,Cigna Health,Non-Cancer,2
2015,12,01-12-2015,Dual Eligible,Non-Cancer,2
2015,12,01-12-2015,Humana,Cancer,2
2015,12,01-12-2015,Humana,Non-Cancer,1
2015,12,01-12-2015,Medicaid,Non-Cancer,5
2015,12,01-12-2015,Medicare,Cancer,1
2015,12,01-12-2015,Medicare,Non-Cancer,18
2015,12,01-12-2015,NO_INSURANCE,Cancer,1
2015,12,01-12-2015,NO_INSURANCE,Non-Cancer,9
2015,12,01-12-2015,UnitedHealthcare,Non-Cancer,2
2016,1,01-01-2016,Aetna,Non-Cancer,7
2016,1,01-01-2016,Anthem,Non-Cancer,3
2016,1,01-01-2016,Blue Cross Blue Shield,Non-Cancer,1
2016,1,01-01-2016,Dual Eligible,Non-Cancer,1
2016,1,01-01-2016,Humana,Cancer,1
2016,1,01-01-2016,Humana,Non-Cancer,1
2016,1,01-01-2016,Medicaid,Non-Cancer,6
2016,1,01-01-2016,Medicare,Non-Cancer,13
2016,1,01-01-2016,NO_INSURANCE,Cancer,1
2016,1,01-01-2016,NO_INSURANCE,Non-Cancer,9
2016,1,01-01-2016,UnitedHealthcare,Non-Cancer,3
2016,2,01-02-2016,Aetna,Non-Cancer,3
2016,2,01-02-2016,Anthem,Non-Cancer,2
2016,2,01-02-2016,Blue Cross Blue Shield,Non-Cancer,1
2016,2,01-02-2016,Cigna Health,Non-Cancer,4
2016,2,01-02-2016,Humana,Non-Cancer,3
2016,2,01-02-2016,Medicaid,Cancer,1
2016,2,01-02-2016,Medicaid,Non-Cancer,5
2016,2,01-02-2016,Medicare,Cancer,1
2016,2,01-02-2016,Medicare,Non-Cancer,6
2016,2,01-02-2016,NO_INSURANCE,Cancer,1
2016,2,01-02-2016,NO_INSURANCE,Non-Cancer,7
2016,2,01-02-2016,UnitedHealthcare,Non-Cancer,4
2016,3,01-03-2016,Aetna,Non-Cancer,3
2016,3,01-03-2016,Anthem,Non-Cancer,2
2016,3,01-03-2016,Blue Cross Blue Shield,Non-Cancer,2
2016,3,01-03-2016,Dual Eligible,Non-Cancer,1
2016,3,01-03-2016,Humana,Non-Cancer,4
2016,3,01-03-2016,Medicaid,Non-Cancer,6
2016,3,01-03-2016,Medicare,Cancer,1
2016,3,01-03-2016,Medicare,Non-Cancer,23
2016,3,01-03-2016,NO_INSURANCE,Non-Cancer,4
2016,3,01-03-2016,UnitedHealthcare,Non-Cancer,3
2016,4,01-04-2016,Aetna,Non-Cancer,3
2016,4,01-04-2016,Anthem,Non-Cancer,3
2016,4,01-04-2016,Blue Cross Blue Shield,Cancer,1
2016,4,01-04-2016,Blue Cross Blue Shield,Non-Cancer,3
2016,4,01-04-2016,Cigna Health,Non-Cancer,1
2016,4,01-04-2016,Dual Eligible,Non-Cancer,3
2016,4,01-04-2016,Humana,Non-Cancer,3
2016,4,01-04-2016,Medicaid,Non-Cancer,4
2016,4,01-04-2016,Medicare,Cancer,1
2016,4,01-04-2016,Medicare,Non-Cancer,16
2016,4,01-04-2016,NO_INSURANCE,Non-Cancer,5
2016,4,01-04-2016,UnitedHealthcare,Non-Cancer,4
2016,5,01-05-2016,Aetna,Non-Cancer,1
2016,5,01-05-2016,Anthem,Non-Cancer,1
2016,5,01-05-2016,Blue Cross Blue Shield,Non-Cancer,2
2016,5,01-05-2016,Cigna Health,Cancer,1
2016,5,01-05-2016,Cigna Health,Non-Cancer,1
2016,5,01-05-2016,Dual Eligible,Non-Cancer,1
2016,5,01-05-2016,Medicaid,Cancer,1
2016,5,01-05-2016,Medicaid,Non-Cancer,2
2016,5,01-05-2016,Medicare,Cancer,3
2016,5,01-05-2016,Medicare,Non-Cancer,17
2016,5,01-05-2016,NO_INSURANCE,Non-Cancer,8
2016,6,01-06-2016,Aetna,Non-Cancer,1
2016,6,01-06-2016,Anthem,Non-Cancer,1
2016,6,01-06-2016,Blue Cross Blue Shield,Non-Cancer,2
2016,6,01-06-2016,Cigna Health,Non-Cancer,1
2016,6,01-06-2016,Dual Eligible,Non-Cancer,2
2016,6,01-06-2016,Humana,Non-Cancer,3
2016,6,01-06-2016,Medicare,Cancer,1
2016,6,01-06-2016,Medicare,Non-Cancer,18
2016,6,01-06-2016,NO_INSURANCE,Cancer,1
2016,6,01-06-2016,NO_INSURANCE,Non-Cancer,9
2016,6,01-06-2016,UnitedHealthcare,Non-Cancer,1
2016,7,01-07-2016,Aetna,Non-Cancer,5
2016,7,01-07-2016,Blue Cross Blue Shield,Non-Cancer,1
2016,7,01-07-2016,Cigna Health,Non-Cancer,4
2016,7,01-07-2016,Dual Eligible,Non-Cancer,3
2016,7,01-07-2016,Humana,Non-Cancer,1
2016,7,01-07-2016,Medicaid,Non-Cancer,3
2016,7,01-07-2016,Medicare,Cancer,1
2016,7,01-07-2016,Medicare,Non-Cancer,10
2016,7,01-07-2016,NO_INSURANCE,Non-Cancer,9
2016,7,01-07-2016,UnitedHealthcare,Non-Cancer,3
2016,8,01-08-2016,Aetna,Non-Cancer,2
2016,8,01-08-2016,Anthem,Non-Cancer,1
2016,8,01-08-2016,Blue Cross Blue Shield,Non-Cancer,4
2016,8,01-08-2016,Cigna Health,Non-Cancer,2
2016,8,01-08-2016,Humana,Non-Cancer,1
2016,8,01-08-2016,Medicaid,Non-Cancer,3
2016,8,01-08-2016,Medicare,Cancer,2
2016,8,01-08-2016,Medicare,Non-Cancer,17
2016,8,01-08-2016,NO_INSURANCE,Non-Cancer,9
2016,8,01-08-2016,UnitedHealthcare,Non-Cancer,1
2016,9,01-09-2016,Aetna,Non-Cancer,1
2016,9,01-09-2016,Anthem,Non-Cancer,3
2016,9,01-09-2016,Blue Cross Blue Shield,Non-Cancer,4
2016,9,01-09-2016,Cigna Health,Non-Cancer,4
2016,9,01-09-2016,Dual Eligible,Non-Cancer,2
2016,9,01-09-2016,Humana,Non-Cancer,3
2016,9,01-09-2016,Medicaid,Non-Cancer,2
2016,9,01-09-2016,Medicare,Cancer,1
2016,9,01-09-2016,Medicare,Non-Cancer,22
2016,9,01-09-2016,NO_INSURANCE,Cancer,2
2016,9,01-09-2016,NO_INSURANCE,Non-Cancer,9
2016,9,01-09-2016,UnitedHealthcare,Non-Cancer,1
2016,10,01-10-2016,Aetna,Non-Cancer,2
2016,10,01-10-2016,Anthem,Non-Cancer,3
2016,10,01-10-2016,Blue Cross Blue Shield,Non-Cancer,5
2016,10,01-10-2016,Cigna Health,Non-Cancer,3
2016,10,01-10-2016,Dual Eligible,Cancer,1
2016,10,01-10-2016,Dual Eligible,Non-Cancer,1
2016,10,01-10-2016,Humana,Non-Cancer,1
2016,10,01-10-2016,Medicaid,Non-Cancer,6
2016,10,01-10-2016,Medicare,Cancer,2
2016,10,01-10-2016,Medicare,Non-Cancer,17
2016,10,01-10-2016,NO_INSURANCE,Cancer,2
2016,10,01-10-2016,NO_INSURANCE,Non-Cancer,6
2016,10,01-10-2016,UnitedHealthcare,Non-Cancer,1
2016,11,01-11-2016,Aetna,Non-Cancer,1
2016,11,01-11-2016,Anthem,Non-Cancer,2
2016,11,01-11-2016,Blue Cross Blue Shield,Non-Cancer,2
2016,11,01-11-2016,Cigna Health,Non-Cancer,3
2016,11,01-11-2016,Dual Eligible,Non-Cancer,1
2016,11,01-11-2016,Humana,Non-Cancer,2
2016,11,01-11-2016,Medicaid,Non-Cancer,5
2016,11,01-11-2016,Medicare,Cancer,6
2016,11,01-11-2016,Medicare,Non-Cancer,21
2016,11,01-11-2016,NO_INSURANCE,Non-Cancer,9
2016,11,01-11-2016,UnitedHealthcare,Non-Cancer,1
2016,12,01-12-2016,Anthem,Cancer,1
2016,12,01-12-2016,Anthem,Non-Cancer,2
2016,12,01-12-2016,Blue Cross Blue Shield,Non-Cancer,3
2016,12,01-12-2016,Cigna Health,Non-Cancer,6
2016,12,01-12-2016,Humana,Non-Cancer,1
2016,12,01-12-2016,Medicaid,Non-Cancer,4
2016,12,01-12-2016,Medicare,Cancer,1
2016,12,01-12-2016,Medicare,Non-Cancer,15
2016,12,01-12-2016,NO_INSURANCE,Non-Cancer,6
2016,12,01-12-2016,UnitedHealthcare,Non-Cancer,1
2017,1,01-01-2017,Aetna,Cancer,2
2017,1,01-01-2017,Aetna,Non-Cancer,1
2017,1,01-01-2017,Blue Cross Blue Shield,Non-Cancer,1
2017,1,01-01-2017,Cigna Health,Non-Cancer,4
2017,1,01-01-2017,Medicaid,Non-Cancer,6
2017,1,01-01-2017,Medicare,Non-Cancer,20
2017,1,01-01-2017,NO_INSURANCE,Cancer,1
2017,1,01-01-2017,NO_INSURANCE,Non-Cancer,5
2017,2,01-02-2017,Anthem,Non-Cancer,2
2017,2,01-02-2017,Blue Cross Blue Shield,Cancer,1
2017,2,01-02-2017,Blue Cross Blue Shield,Non-Cancer,1
2017,2,01-02-2017,Cigna Health,Non-Cancer,4
2017,2,01-02-2017,Dual Eligible,Non-Cancer,2
2017,2,01-02-2017,Humana,Non-Cancer,2
2017,2,01-02-2017,Medicaid,Non-Cancer,7
2017,2,01-02-2017,Medicare,Cancer,1
2017,2,01-02-2017,Medicare,Non-Cancer,9
2017,2,01-02-2017,NO_INSURANCE,Non-Cancer,7
2017,2,01-02-2017,UnitedHealthcare,Non-Cancer,5
2017,3,01-03-2017,Aetna,Non-Cancer,3
2017,3,01-03-2017,Anthem,Non-Cancer,1
2017,3,01-03-2017,Blue Cross Blue Shield,Cancer,1
2017,3,01-03-2017,Blue Cross Blue Shield,Non-Cancer,3
2017,3,01-03-2017,Cigna Health,Non-Cancer,1
2017,3,01-03-2017,Dual Eligible,Non-Cancer,2
2017,3,01-03-2017,Humana,Non-Cancer,2
2017,3,01-03-2017,Medicaid,Non-Cancer,3
2017,3,01-03-2017,Medicare,Cancer,1
2017,3,01-03-2017,Medicare,Non-Cancer,21
2017,3,01-03-2017,NO_INSURANCE,Cancer,1
2017,3,01-03-2017,NO_INSURANCE,Non-Cancer,7
2017,3,01-03-2017,UnitedHealthcare,Non-Cancer,2
2017,4,01-04-2017,Blue Cross Blue Shield,Cancer,1
2017,4,01-04-2017,Blue Cross Blue Shield,Non-Cancer,3
2017,4,01-04-2017,Cigna Health,Non-Cancer,5
2017,4,01-04-2017,Dual Eligible,Non-Cancer,3
2017,4,01-04-2017,Humana,Cancer,1
2017,4,01-04-2017,Humana,Non-Cancer,5
2017,4,01-04-2017,Medicaid,Non-Cancer,6
2017,4,01-04-2017,Medicare,Cancer,2
2017,4,01-04-2017,Medicare,Non-Cancer,18
2017,4,01-04-2017,NO_INSURANCE,Cancer,2
2017,4,01-04-2017,NO_INSURANCE,Non-Cancer,10
2017,4,01-04-2017,UnitedHealthcare,Non-Cancer,1
2017,5,01-05-2017,Aetna,Non-Cancer,2
2017,5,01-05-2017,Anthem,Non-Cancer,4
2017,5,01-05-2017,Blue Cross Blue Shield,Cancer,1
2017,5,01-05-2017,Blue Cross Blue Shield,Non-Cancer,2
2017,5,01-05-2017,Cigna Health,Non-Cancer,3
2017,5,01-05-2017,Dual Eligible,Non-Cancer,1
2017,5,01-05-2017,Humana,Non-Cancer,5
2017,5,01-05-2017,Medicaid,Cancer,1
2017,5,01-05-2017,Medicaid,Non-Cancer,6
2017,5,01-05-2017,Medicare,Cancer,2
2017,5,01-05-2017,Medicare,Non-Cancer,16
2017,5,01-05-2017,NO_INSURANCE,Non-Cancer,10
2017,5,01-05-2017,UnitedHealthcare,Non-Cancer,1
2017,6,01-06-2017,Anthem,Non-Cancer,2
2017,6,01-06-2017,Blue Cross Blue Shield,Cancer,1
2017,6,01-06-2017,Blue Cross Blue Shield,Non-Cancer,4
2017,6,01-06-2017,Cigna Health,Non-Cancer,2
2017,6,01-06-2017,Dual Eligible,Non-Cancer,2
2017,6,01-06-2017,Humana,Non-Cancer,3
2017,6,01-06-2017,Medicaid,Non-Cancer,7
2017,6,01-06-2017,Medicare,Non-Cancer,17
2017,6,01-06-2017,NO_INSURANCE,Non-Cancer,14
2017,6,01-06-2017,UnitedHealthcare,Non-Cancer,3
2017,7,01-07-2017,Aetna,Non-Cancer,3
2017,7,01-07-2017,Anthem,Non-Cancer,2
2017,7,01-07-2017,Blue Cross Blue Shield,Cancer,1
2017,7,01-07-2017,Blue Cross Blue Shield,Non-Cancer,2
2017,7,01-07-2017,Cigna Health,Non-Cancer,1
2017,7,01-07-2017,Dual Eligible,Non-Cancer,2
2017,7,01-07-2017,Humana,Non-Cancer,2
2017,7,01-07-2017,Medicaid,Non-Cancer,7
2017,7,01-07-2017,Medicare,Cancer,1
2017,7,01-07-2017,Medicare,Non-Cancer,14
2017,7,01-07-2017,NO_INSURANCE,Cancer,1
2017,7,01-07-2017,NO_INSURANCE,Non-Cancer,11
2017,7,01-07-2017,UnitedHealthcare,Non-Cancer,3
2017,8,01-08-2017,Aetna,Non-Cancer,1
2017,8,01-08-2017,Anthem,Non-Cancer,2
2017,8,01-08-2017,Blue Cross Blue Shield,Non-Cancer,3
2017,8,01-08-2017,Cigna Health,Non-Cancer,2
2017,8,01-08-2017,Dual Eligible,Non-Cancer,1
2017,8,01-08-2017,Humana,Non-Cancer,3
2017,8,01-08-2017,Medicaid,Non-Cancer,7
2017,8,01-08-2017,Medicare,Non-Cancer,12
2017,8,01-08-2017,NO_INSURANCE,Cancer,1
2017,8,01-08-2017,NO_INSURANCE,Non-Cancer,10
2017,8,01-08-2017,UnitedHealthcare,Non-Cancer,2
2017,9,01-09-2017,Aetna,Non-Cancer,3
2017,9,01-09-2017,Anthem,Non-Cancer,1
2017,9,01-09-2017,Cigna Health,Non-Cancer,2
2017,9,01-09-2017,Dual Eligible,Non-Cancer,3
2017,9,01-09-2017,Humana,Non-Cancer,1
2017,9,01-09-2017,Medicaid,Non-Cancer,6
2017,9,01-09-2017,Medicare,Cancer,3
2017,9,01-09-2017,Medicare,Non-Cancer,16
2017,9,01-09-2017,NO_INSURANCE,Cancer,1
2017,9,01-09-2017,NO_INSURANCE,Non-Cancer,9
2017,9,01-09-2017,UnitedHealthcare,Non-Cancer,1
2017,10,01-10-2017,Anthem,Non-Cancer,2
2017,10,01-10-2017,Dual Eligible,Non-Cancer,1
2017,10,01-10-2017,Humana,Non-Cancer,3
2017,10,01-10-2017,Medicaid,Non-Cancer,5
2017,10,01-10-2017,Medicare,Cancer,2
2017,10,01-10-2017,Medicare,Non-Cancer,17
2017,10,01-10-2017,NO_INSURANCE,Cancer,2
2017,10,01-10-2017,NO_INSURANCE,Non-Cancer,8
2017,11,01-11-2017,Aetna,Non-Cancer,2
2017,11,01-11-2017,Anthem,Non-Cancer,2
2017,11,01-11-2017,Cigna Health,Non-Cancer,4
2017,11,01-11-2017,Dual Eligible,Non-Cancer,5
2017,11,01-11-2017,Humana,Non-Cancer,2
2017,11,01-11-2017,Medicaid,Non-Cancer,4
2017,11,01-11-2017,Medicare,Cancer,2
2017,11,01-11-2017,Medicare,Non-Cancer,16
2017,11,01-11-2017,NO_INSURANCE,Cancer,1
2017,11,01-11-2017,NO_INSURANCE,Non-Cancer,8
2017,12,01-12-2017,Aetna,Non-Cancer,3
2017,12,01-12-2017,Anthem,Non-Cancer,1
2017,12,01-12-2017,Blue Cross Blue Shield,Non-Cancer,2
2017,12,01-12-2017,Cigna Health,Non-Cancer,3
2017,12,01-12-2017,Dual Eligible,Non-Cancer,1
2017,12,01-12-2017,Humana,Non-Cancer,2
2017,12,01-12-2017,Medicaid,Non-Cancer,4
2017,12,01-12-2017,Medicare,Non-Cancer,14
2017,12,01-12-2017,NO_INSURANCE,Cancer,1
2017,12,01-12-2017,NO_INSURANCE,Non-Cancer,7
2017,12,01-12-2017,UnitedHealthcare,Cancer,1
2017,12,01-12-2017,UnitedHealthcare,Non-Cancer,1
2018,1,01-01-2018,Aetna,Non-Cancer,4
2018,1,01-01-2018,Anthem,Non-Cancer,3
2018,1,01-01-2018,Blue Cross Blue Shield,Non-Cancer,1
2018,1,01-01-2018,Cigna Health,Non-Cancer,3
2018,1,01-01-2018,Humana,Non-Cancer,1
2018,1,01-01-2018,Medicaid,Non-Cancer,4
2018,1,01-01-2018,Medicare,Cancer,1
2018,1,01-01-2018,Medicare,Non-Cancer,10
2018,1,01-01-2018,NO_INSURANCE,Non-Cancer,14
2018,1,01-01-2018,UnitedHealthcare,Non-Cancer,2
2018,2,01-02-2018,Aetna,Non-Cancer,2
2018,2,01-02-2018,Anthem,Non-Cancer,4
2018,2,01-02-2018,Cigna Health,Non-Cancer,3
2018,2,01-02-2018,Humana,Non-Cancer,6
2018,2,01-02-2018,Medicaid,Non-Cancer,3
2018,2,01-02-2018,Medicare,Non-Cancer,10
2018,2,01-02-2018,NO_INSURANCE,Non-Cancer,8
2018,2,01-02-2018,UnitedHealthcare,Cancer,1
2018,2,01-02-2018,UnitedHealthcare,Non-Cancer,2
2018,3,01-03-2018,Aetna,Non-Cancer,4
2018,3,01-03-2018,Anthem,Cancer,1
2018,3,01-03-2018,Anthem,Non-Cancer,1
2018,3,01-03-2018,Cigna Health,Cancer,1
2018,3,01-03-2018,Cigna Health,Non-Cancer,2
2018,3,01-03-2018,Dual Eligible,Cancer,1
2018,3,01-03-2018,Dual Eligible,Non-Cancer,4
2018,3,01-03-2018,Humana,Non-Cancer,1
2018,3,01-03-2018,Medicaid,Non-Cancer,3
2018,3,01-03-2018,Medicare,Cancer,1
2018,3,01-03-2018,Medicare,Non-Cancer,20
2018,3,01-03-2018,NO_INSURANCE,Cancer,1
2018,3,01-03-2018,NO_INSURANCE,Non-Cancer,7
2018,4,01-04-2018,Aetna,Non-Cancer,4
2018,4,01-04-2018,Anthem,Cancer,1
2018,4,01-04-2018,Anthem,Non-Cancer,1
2018,4,01-04-2018,Cigna Health,Non-Cancer,1
2018,4,01-04-2018,Dual Eligible,Non-Cancer,5
2018,4,01-04-2018,Humana,Non-Cancer,2
2018,4,01-04-2018,Medicaid,Non-Cancer,3
2018,4,01-04-2018,Medicare,Cancer,3
2018,4,01-04-2018,Medicare,Non-Cancer,19
2018,4,01-04-2018,NO_INSURANCE,Non-Cancer,5
2018,4,01-04-2018,UnitedHealthcare,Non-Cancer,1
2018,5,01-05-2018,Aetna,Non-Cancer,3
2018,5,01-05-2018,Anthem,Non-Cancer,1
2018,5,01-05-2018,Blue Cross Blue Shield,Non-Cancer,2
2018,5,01-05-2018,Dual Eligible,Non-Cancer,2
2018,5,01-05-2018,Humana,Non-Cancer,3
2018,5,01-05-2018,Medicaid,Cancer,1
2018,5,01-05-2018,Medicaid,Non-Cancer,4
2018,5,01-05-2018,Medicare,Cancer,1
2018,5,01-05-2018,Medicare,Non-Cancer,15
2018,5,01-05-2018,NO_INSURANCE,Non-Cancer,11
2018,6,01-06-2018,Aetna,Non-Cancer,3
2018,6,01-06-2018,Blue Cross Blue Shield,Non-Cancer,1
2018,6,01-06-2018,Dual Eligible,Cancer,1
2018,6,01-06-2018,Dual Eligible,Non-Cancer,2
2018,6,01-06-2018,Humana,Non-Cancer,3
2018,6,01-06-2018,Medicaid,Non-Cancer,2
2018,6,01-06-2018,Medicare,Non-Cancer,14
2018,6,01-06-2018,NO_INSURANCE,Non-Cancer,6
2018,6,01-06-2018,UnitedHealthcare,Non-Cancer,3
2018,7,01-07-2018,Aetna,Non-Cancer,2
2018,7,01-07-2018,Anthem,Non-Cancer,1
2018,7,01-07-2018,Blue Cross Blue Shield,Non-Cancer,1
2018,7,01-07-2018,Cigna Health,Non-Cancer,1
2018,7,01-07-2018,Dual Eligible,Non-Cancer,3
2018,7,01-07-2018,Humana,Non-Cancer,1
2018,7,01-07-2018,Medicaid,Non-Cancer,3
2018,7,01-07-2018,Medicare,Cancer,3
2018,7,01-07-2018,Medicare,Non-Cancer,15
2018,7,01-07-2018,NO_INSURANCE,Cancer,1
2018,7,01-07-2018,NO_INSURANCE,Non-Cancer,7
2018,7,01-07-2018,UnitedHealthcare,Non-Cancer,3
2018,8,01-08-2018,Aetna,Non-Cancer,1
2018,8,01-08-2018,Anthem,Non-Cancer,3
2018,8,01-08-2018,Blue Cross Blue Shield,Non-Cancer,1
2018,8,01-08-2018,Cigna Health,Non-Cancer,2
2018,8,01-08-2018,Dual Eligible,Cancer,1
2018,8,01-08-2018,Humana,Non-Cancer,6
2018,8,01-08-2018,Medicaid,Non-Cancer,2
2018,8,01-08-2018,Medicare,Cancer,1
2018,8,01-08-2018,Medicare,Non-Cancer,16
2018,8,01-08-2018,NO_INSURANCE,Cancer,1
2018,8,01-08-2018,NO_INSURANCE,Non-Cancer,12
2018,8,01-08-2018,UnitedHealthcare,Non-Cancer,1
2018,9,01-09-2018,Aetna,Non-Cancer,2
2018,9,01-09-2018,Blue Cross Blue Shield,Non-Cancer,2
2018,9,01-09-2018,Cigna Health,Non-Cancer,3
2018,9,01-09-2018,Dual Eligible,Cancer,1
2018,9,01-09-2018,Dual Eligible,Non-Cancer,3
2018,9,01-09-2018,Humana,Non-Cancer,2
2018,9,01-09-2018,Medicaid,Non-Cancer,4
2018,9,01-09-2018,Medicare,Cancer,3
2018,9,01-09-2018,Medicare,Non-Cancer,15
2018,9,01-09-2018,NO_INSURANCE,Cancer,1
2018,9,01-09-2018,NO_INSURANCE,Non-Cancer,13
2018,9,01-09-2018,UnitedHealthcare,Non-Cancer,1
2018,10,01-10-2018,Aetna,Non-Cancer,2
2018,10,01-10-2018,Anthem,Non-Cancer,2
2018,10,01-10-2018,Blue Cross Blue Shield,Non-Cancer,2
2018,10,01-10-2018,Cigna Health,Non-Cancer,3
2018,10,01-10-2018,Dual Eligible,Non-Cancer,2
2018,10,01-10-2018,Humana,Non-Cancer,1
2018,10,01-10-2018,Medicaid,Non-Cancer,2
2018,10,01-10-2018,Medicare,Cancer,4
2018,10,01-10-2018,Medicare,Non-Cancer,11
2018,10,01-10-2018,NO_INSURANCE,Cancer,1
2018,10,01-10-2018,NO_INSURANCE,Non-Cancer,13
2018,10,01-10-2018,UnitedHealthcare,Non-Cancer,2
2018,11,01-11-2018,Aetna,Non-Cancer,4
2018,11,01-11-2018,Blue Cross Blue Shield,Non-Cancer,2
2018,11,01-11-2018,Cigna Health,Non-Cancer,3
2018,11,01-11-2018,Dual Eligible,Non-Cancer,2
2018,11,01-11-2018,Humana,Non-Cancer,3
2018,11,01-11-2018,Medicaid,Non-Cancer,3
2018,11,01-11-2018,Medicare,Cancer,2
2018,11,01-11-2018,Medicare,Non-Cancer,18
2018,11,01-11-2018,NO_INSURANCE,Cancer,2
2018,11,01-11-2018,NO_INSURANCE,Non-Cancer,14
2018,12,01-12-2018,Aetna,Non-Cancer,3
2018,12,01-12-2018,Anthem,Cancer,1
2018,12,01-12-2018,Anthem,Non-Cancer,1
2018,12,01-12-2018,Blue Cross Blue Shield,Non-Cancer,1
2018,12,01-12-2018,Cigna Health,Cancer,1
2018,12,01-12-2018,Cigna Health,Non-Cancer,2
2018,12,01-12-2018,Dual Eligible,Non-Cancer,3
2018,12,01-12-2018,Humana,Non-Cancer,1
2018,12,01-12-2018,Medicaid,Non-Cancer,4
2018,12,01-12-2018,Medicare,Cancer,1
2018,12,01-12-2018,Medicare,Non-Cancer,18
2018,12,01-12-2018,NO_INSURANCE,Non-Cancer,12
2018,12,01-12-2018,UnitedHealthcare,Non-Cancer,4
2019,1,01-01-2019,Blue Cross Blue Shield,Non-Cancer,1
2019,1,01-01-2019,Dual Eligible,Cancer,1
2019,1,01-01-2019,Dual Eligible,Non-Cancer,1
2019,1,01-01-2019,Humana,Non-Cancer,2
2019,1,01-01-2019,Medicaid,Non-Cancer,5
2019,1,01-01-2019,Medicare,Cancer,1
2019,1,01-01-2019,Medicare,Non-Cancer,17
2019,1,01-01-2019,NO_INSURANCE,Non-Cancer,14
2019,2,01-02-2019,Aetna,Non-Cancer,2
2019,2,01-02-2019,Anthem,Cancer,1
2019,2,01-02-2019,Blue Cross Blue Shield,Non-Cancer,1
2019,2,01-02-2019,Cigna Health,Non-Cancer,2
2019,2,01-02-2019,Dual Eligible,Non-Cancer,1
2019,2,01-02-2019,Humana,Non-Cancer,1
2019,2,01-02-2019,Medicaid,Non-Cancer,5
2019,2,01-02-2019,Medicare,Cancer,1
2019,2,01-02-2019,Medicare,Non-Cancer,11
2019,2,01-02-2019,NO_INSURANCE,Cancer,2
2019,2,01-02-2019,NO_INSURANCE,Non-Cancer,8
2019,2,01-02-2019,UnitedHealthcare,Cancer,1
2019,2,01-02-2019,UnitedHealthcare,Non-Cancer,1
2019,3,01-03-2019,Aetna,Non-Cancer,1
2019,3,01-03-2019,Anthem,Non-Cancer,2
2019,3,01-03-2019,Blue Cross Blue Shield,Non-Cancer,4
2019,3,01-03-2019,Cigna Health,Non-Cancer,3
2019,3,01-03-2019,Dual Eligible,Non-Cancer,5
2019,3,01-03-2019,Humana,Non-Cancer,2
2019,3,01-03-2019,Medicaid,Non-Cancer,6
2019,3,01-03-2019,Medicare,Cancer,2
2019,3,01-03-2019,Medicare,Non-Cancer,20
2019,3,01-03-2019,NO_INSURANCE,Cancer,2
2019,3,01-03-2019,NO_INSURANCE,Non-Cancer,7
2019,4,01-04-2019,Anthem,Non-Cancer,1
2019,4,01-04-2019,Blue Cross Blue Shield,Non-Cancer,4
2019,4,01-04-2019,Cigna Health,Non-Cancer,1
2019,4,01-04-2019,Dual Eligible,Non-Cancer,4
2019,4,01-04-2019,Humana,Non-Cancer,2
2019,4,01-04-2019,Medicaid,Cancer,1
2019,4,01-04-2019,Medicaid,Non-Cancer,4
2019,4,01-04-2019,Medicare,Cancer,1
2019,4,01-04-2019,Medicare,Non-Cancer,15
2019,4,01-04-2019,NO_INSURANCE,Non-Cancer,6
2019,4,01-04-2019,UnitedHealthcare,Cancer,1
2019,5,01-05-2019,Aetna,Non-Cancer,3
2019,5,01-05-2019,Blue Cross Blue Shield,Non-Cancer,2
2019,5,01-05-2019,Cigna Health,Non-Cancer,1
2019,5,01-05-2019,Dual Eligible,Cancer,1
2019,5,01-05-2019,Dual Eligible,Non-Cancer,2
2019,5,01-05-2019,Humana,Non-Cancer,3
2019,5,01-05-2019,Medicaid,Non-Cancer,5
2019,5,01-05-2019,Medicare,Cancer,3
2019,5,01-05-2019,Medicare,Non-Cancer,16
2019,5,01-05-2019,NO_INSURANCE,Cancer,1
2019,5,01-05-2019,NO_INSURANCE,Non-Cancer,5
2019,6,01-06-2019,Aetna,Non-Cancer,1
2019,6,01-06-2019,Blue Cross Blue Shield,Non-Cancer,2
2019,6,01-06-2019,Cigna Health,Non-Cancer,1
2019,6,01-06-2019,Dual Eligible,Non-Cancer,3
2019,6,01-06-2019,Humana,Non-Cancer,1
2019,6,01-06-2019,Medicaid,Non-Cancer,5
2019,6,01-06-2019,Medicare,Non-Cancer,15
2019,6,01-06-2019,NO_INSURANCE,Non-Cancer,8
2019,6,01-06-2019,UnitedHealthcare,Non-Cancer,1
2019,7,01-07-2019,Aetna,Non-Cancer,1
2019,7,01-07-2019,Anthem,Non-Cancer,3
2019,7,01-07-2019,Dual Eligible,Non-Cancer,3
2019,7,01-07-2019,Medicaid,Non-Cancer,5
2019,7,01-07-2019,Medicare,Cancer,1
2019,7,01-07-2019,Medicare,Non-Cancer,11
2019,7,01-07-2019,NO_INSURANCE,Non-Cancer,8
2019,7,01-07-2019,UnitedHealthcare,Cancer,1
2019,8,01-08-2019,Aetna,Non-Cancer,2
2019,8,01-08-2019,Anthem,Non-Cancer,1
2019,8,01-08-2019,Cigna Health,Non-Cancer,1
2019,8,01-08-2019,Dual Eligible,Non-Cancer,3
2019,8,01-08-2019,Humana,Cancer,1
2019,8,01-08-2019,Humana,Non-Cancer,1
2019,8,01-08-2019,Medicaid,Non-Cancer,4
2019,8,01-08-2019,Medicare,Non-Cancer,12
2019,8,01-08-2019,NO_INSURANCE,Cancer,1
2019,8,01-08-2019,NO_INSURANCE,Non-Cancer,7
2019,9,01-09-2019,Anthem,Non-Cancer,2
2019,9,01-09-2019,Blue Cross Blue Shield,Non-Cancer,2
2019,9,01-09-2019,Cigna Health,Non-Cancer,1
2019,9,01-09-2019,Dual Eligible,Cancer,1
2019,9,01-09-2019,Dual Eligible,Non-Cancer,3
2019,9,01-09-2019,Humana,Non-Cancer,1
2019,9,01-09-2019,Medicaid,Non-Cancer,3
2019,9,01-09-2019,Medicare,Cancer,3
2019,9,01-09-2019,Medicare,Non-Cancer,12
2019,9,01-09-2019,NO_INSURANCE,Cancer,2
2019,9,01-09-2019,NO_INSURANCE,Non-Cancer,7
2019,9,01-09-2019,UnitedHealthcare,Non-Cancer,1
2019,10,01-10-2019,Anthem,Non-Cancer,3
2019,10,01-10-2019,Blue Cross Blue Shield,Cancer,1
2019,10,01-10-2019,Blue Cross Blue Shield,Non-Cancer,2
2019,10,01-10-2019,Cigna Health,Non-Cancer,1
2019,10,01-10-2019,Dual Eligible,Non-Cancer,1
2019,10,01-10-2019,Humana,Non-Cancer,2
2019,10,01-10-2019,Medicaid,Non-Cancer,3
2019,10,01-10-2019,Medicare,Cancer,3
2019,10,01-10-2019,Medicare,Non-Cancer,15
2019,10,01-10-2019,NO_INSURANCE,Non-Cancer,5
2019,10,01-10-2019,UnitedHealthcare,Non-Cancer,3
2019,11,01-11-2019,Aetna,Non-Cancer,3
2019,11,01-11-2019,Anthem,Non-Cancer,3
2019,11,01-11-2019,Blue Cross Blue Shield,Non-Cancer,1
2019,11,01-11-2019,Cigna Health,Non-Cancer,4
2019,11,01-11-2019,Dual Eligible,Non-Cancer,5
2019,11,01-11-2019,Humana,Cancer,1
2019,11,01-11-2019,Humana,Non-Cancer,1
2019,11,01-11-2019,Medicaid,Non-Cancer,2
2019,11,01-11-2019,Medicare,Non-Cancer,19
2019,11,01-11-2019,NO_INSURANCE,Cancer,1
2019,11,01-11-2019,NO_INSURANCE,Non-Cancer,3
2019,11,01-11-2019,UnitedHealthcare,Cancer,1
2019,12,01-12-2019,Aetna,Non-Cancer,4
2019,12,01-12-2019,Anthem,Non-Cancer,2
2019,12,01-12-2019,Blue Cross Blue Shield,Non-Cancer,1
2019,12,01-12-2019,Cigna Health,Non-Cancer,2
2019,12,01-12-2019,Dual Eligible,Cancer,1
2019,12,01-12-2019,Dual Eligible,Non-Cancer,2
2019,12,01-12-2019,Medicaid,Non-Cancer,3
2019,12,01-12-2019,Medicare,Cancer,1
2019,12,01-12-2019,Medicare,Non-Cancer,18
2019,12,01-12-2019,NO_INSURANCE,Non-Cancer,4
2019,12,01-12-2019,UnitedHealthcare,Non-Cancer,2
2020,1,01-01-2020,Aetna,Non-Cancer,2
2020,1,01-01-2020,Anthem,Non-Cancer,1
2020,1,01-01-2020,Blue Cross Blue Shield,Non-Cancer,1
2020,1,01-01-2020,Cigna Health,Cancer,1
2020,1,01-01-2020,Cigna Health,Non-Cancer,5
2020,1,01-01-2020,Dual Eligible,Non-Cancer,1
2020,1,01-01-2020,Medicaid,Non-Cancer,3
2020,1,01-01-2020,Medicare,Cancer,2
2020,1,01-01-2020,Medicare,Non-Cancer,17
2020,1,01-01-2020,NO_INSURANCE,Non-Cancer,7
2020,1,01-01-2020,UnitedHealthcare,Non-Cancer,2
2020,2,01-02-2020,Aetna,Non-Cancer,1
2020,2,01-02-2020,Anthem,Cancer,1
2020,2,01-02-2020,Anthem,Non-Cancer,3
2020,2,01-02-2020,Blue Cross Blue Shield,Non-Cancer,1
2020,2,01-02-2020,Cigna Health,Non-Cancer,2
2020,2,01-02-2020,Dual Eligible,Non-Cancer,2
2020,2,01-02-2020,Humana,Non-Cancer,1
2020,2,01-02-2020,Medicaid,Non-Cancer,1
2020,2,01-02-2020,Medicare,Cancer,2
2020,2,01-02-2020,Medicare,Non-Cancer,8
2020,2,01-02-2020,NO_INSURANCE,Non-Cancer,8
2020,2,01-02-2020,UnitedHealthcare,Non-Cancer,2
2020,3,01-03-2020,Aetna,Non-Cancer,3
2020,3,01-03-2020,Anthem,Non-Cancer,3
2020,3,01-03-2020,Blue Cross Blue Shield,Non-Cancer,3
2020,3,01-03-2020,Cigna Health,Non-Cancer,3
2020,3,01-03-2020,Dual Eligible,Non-Cancer,5
2020,3,01-03-2020,Humana,Non-Cancer,1
2020,3,01-03-2020,Medicaid,Non-Cancer,3
2020,3,01-03-2020,Medicare,Cancer,4
2020,3,01-03-2020,Medicare,Non-Cancer,13
2020,3,01-03-2020,NO_INSURANCE,Non-Cancer,6
2020,4,01-04-2020,Aetna,Non-Cancer,4
2020,4,01-04-2020,Anthem,Non-Cancer,4
2020,4,01-04-2020,Blue Cross Blue Shield,Cancer,1
2020,4,01-04-2020,Blue Cross Blue Shield,Non-Cancer,1
2020,4,01-04-2020,Cigna Health,Non-Cancer,4
2020,4,01-04-2020,Dual Eligible,Cancer,1
2020,4,01-04-2020,Dual Eligible,Non-Cancer,4
2020,4,01-04-2020,Humana,Non-Cancer,2
2020,4,01-04-2020,Medicaid,Cancer,1
2020,4,01-04-2020,Medicaid,Non-Cancer,3
2020,4,01-04-2020,Medicare,Cancer,2
2020,4,01-04-2020,Medicare,Non-Cancer,17
2020,4,01-04-2020,NO_INSURANCE,Non-Cancer,5
2020,4,01-04-2020,UnitedHealthcare,Non-Cancer,1
2020,5,01-05-2020,Aetna,Non-Cancer,2
2020,5,01-05-2020,Anthem,Non-Cancer,2
2020,5,01-05-2020,Cigna Health,Non-Cancer,1
2020,5,01-05-2020,Dual Eligible,Non-Cancer,3
2020,5,01-05-2020,Humana,Non-Cancer,4
2020,5,01-05-2020,Medicaid,Non-Cancer,5
2020,5,01-05-2020,Medicare,Cancer,1
2020,5,01-05-2020,Medicare,Non-Cancer,13
2020,5,01-05-2020,NO_INSURANCE,Non-Cancer,9
2020,6,01-06-2020,Aetna,Non-Cancer,2
2020,6,01-06-2020,Anthem,Non-Cancer,2
2020,6,01-06-2020,Cigna Health,Non-Cancer,2
2020,6,01-06-2020,Dual Eligible,Non-Cancer,4
2020,6,01-06-2020,Humana,Non-Cancer,1
2020,6,01-06-2020,Medicaid,Non-Cancer,3
2020,6,01-06-2020,Medicare,Cancer,2
2020,6,01-06-2020,Medicare,Non-Cancer,11
2020,6,01-06-2020,NO_INSURANCE,Non-Cancer,8
2020,6,01-06-2020,UnitedHealthcare,Non-Cancer,1
2020,7,01-07-2020,Aetna,Non-Cancer,2
2020,7,01-07-2020,Anthem,Cancer,1
2020,7,01-07-2020,Anthem,Non-Cancer,2
2020,7,01-07-2020,Cigna Health,Non-Cancer,2
2020,7,01-07-2020,Dual Eligible,Cancer,1
2020,7,01-07-2020,Dual Eligible,Non-Cancer,5
2020,7,01-07-2020,Humana,Non-Cancer,4
2020,7,01-07-2020,Medicaid,Non-Cancer,3
2020,7,01-07-2020,Medicare,Cancer,1
2020,7,01-07-2020,Medicare,Non-Cancer,23
2020,7,01-07-2020,NO_INSURANCE,Cancer,1
2020,7,01-07-2020,NO_INSURANCE,Non-Cancer,13
2020,7,01-07-2020,UnitedHealthcare,Non-Cancer,1
2020,8,01-08-2020,Aetna,Non-Cancer,2
2020,8,01-08-2020,Anthem,Non-Cancer,2
2020,8,01-08-2020,Blue Cross Blue Shield,Non-Cancer,4
2020,8,01-08-2020,Cigna Health,Non-Cancer,4
2020,8,01-08-2020,Dual Eligible,Non-Cancer,4
2020,8,01-08-2020,Humana,Non-Cancer,1
2020,8,01-08-2020,Medicaid,Non-Cancer,2
2020,8,01-08-2020,Medicare,Cancer,1
2020,8,01-08-2020,Medicare,Non-Cancer,11
2020,8,01-08-2020,NO_INSURANCE,Cancer,2
2020,8,01-08-2020,NO_INSURANCE,Non-Cancer,13
2020,8,01-08-2020,UnitedHealthcare,Non-Cancer,2
2020,9,01-09-2020,Aetna,Non-Cancer,2
2020,9,01-09-2020,Anthem,Non-Cancer,1
2020,9,01-09-2020,Blue Cross Blue Shield,Cancer,1
2020,9,01-09-2020,Cigna Health,Non-Cancer,4
2020,9,01-09-2020,Humana,Non-Cancer,3
2020,9,01-09-2020,Medicaid,Non-Cancer,1
2020,9,01-09-2020,Medicare,Cancer,2
2020,9,01-09-2020,Medicare,Non-Cancer,16
2020,9,01-09-2020,NO_INSURANCE,Non-Cancer,9
2020,10,01-10-2020,Aetna,Non-Cancer,3
2020,10,01-10-2020,Anthem,Cancer,1
2020,10,01-10-2020,Anthem,Non-Cancer,4
2020,10,01-10-2020,Blue Cross Blue Shield,Non-Cancer,2
2020,10,01-10-2020,Cigna Health,Non-Cancer,3
2020,10,01-10-2020,Dual Eligible,Non-Cancer,3
2020,10,01-10-2020,Humana,Non-Cancer,4
2020,10,01-10-2020,Medicaid,Non-Cancer,1
2020,10,01-10-2020,Medicare,Cancer,3
2020,10,01-10-2020,Medicare,Non-Cancer,12
2020,10,01-10-2020,NO_INSURANCE,Non-Cancer,6
2020,11,01-11-2020,Aetna,Non-Cancer,1
2020,11,01-11-2020,Anthem,Non-Cancer,3
2020,11,01-11-2020,Cigna Health,Cancer,1
2020,11,01-11-2020,Cigna Health,Non-Cancer,2
2020,11,01-11-2020,Dual Eligible,Non-Cancer,3
2020,11,01-11-2020,Humana,Non-Cancer,5
2020,11,01-11-2020,Medicaid,Non-Cancer,2
2020,11,01-11-2020,Medicare,Cancer,2
2020,11,01-11-2020,Medicare,Non-Cancer,22
2020,11,01-11-2020,NO_INSURANCE,Cancer,2
2020,11,01-11-2020,NO_INSURANCE,Non-Cancer,7
2020,11,01-11-2020,UnitedHealthcare,Non-Cancer,1
2020,12,01-12-2020,Aetna,Non-Cancer,1
2020,12,01-12-2020,Anthem,Non-Cancer,2
2020,12,01-12-2020,Blue Cross Blue Shield,Non-Cancer,1
2020,12,01-12-2020,Cigna Health,Cancer,1
2020,12,01-12-2020,Cigna Health,Non-Cancer,2
2020,12,01-12-2020,Dual Eligible,Non-Cancer,3
2020,12,01-12-2020,Humana,Non-Cancer,4
2020,12,01-12-2020,Medicaid,Non-Cancer,2
2020,12,01-12-2020,Medicare,Non-Cancer,19
2020,12,01-12-2020,NO_INSURANCE,Non-Cancer,12
2020,12,01-12-2020,UnitedHealthcare,Non-Cancer,1
2021,1,01-01-2021,Anthem,Non-Cancer,1
2021,1,01-01-2021,Cigna Health,Non-Cancer,2
2021,1,01-01-2021,Humana,Cancer,1
2021,1,01-01-2021,Humana,Non-Cancer,2
2021,1,01-01-2021,Medicaid,Non-Cancer,1
2021,1,01-01-2021,Medicare,Cancer,2
2021,1,01-01-2021,Medicare,Non-Cancer,20
2021,1,01-01-2021,NO_INSURANCE,Non-Cancer,8
2021,1,01-01-2021,UnitedHealthcare,Non-Cancer,2
2021,2,01-02-2021,Aetna,Non-Cancer,2
2021,2,01-02-2021,Cigna Health,Non-Cancer,1
2021,2,01-02-2021,Dual Eligible,Non-Cancer,3
2021,2,01-02-2021,Humana,Non-Cancer,2
2021,2,01-02-2021,Medicaid,Non-Cancer,2
2021,2,01-02-2021,Medicare,Cancer,1
2021,2,01-02-2021,Medicare,Non-Cancer,11
2021,2,01-02-2021,NO_INSURANCE,Non-Cancer,5
2021,2,01-02-2021,UnitedHealthcare,Non-Cancer,2
2021,3,01-03-2021,Aetna,Non-Cancer,2
2021,3,01-03-2021,Anthem,Non-Cancer,2
2021,3,01-03-2021,Blue Cross Blue Shield,Non-Cancer,1
2021,3,01-03-2021,Dual Eligible,Non-Cancer,3
2021,3,01-03-2021,Humana,Cancer,1
2021,3,01-03-2021,Humana,Non-Cancer,3
2021,3,01-03-2021,Medicaid,Non-Cancer,3
2021,3,01-03-2021,Medicare,Cancer,4
2021,3,01-03-2021,Medicare,Non-Cancer,20
2021,3,01-03-2021,NO_INSURANCE,Cancer,2
2021,3,01-03-2021,NO_INSURANCE,Non-Cancer,10
2021,3,01-03-2021,UnitedHealthcare,Non-Cancer,1
2021,4,01-04-2021,Aetna,Non-Cancer,1
2021,4,01-04-2021,Anthem,Non-Cancer,1
2021,4,01-04-2021,Blue Cross Blue Shield,Non-Cancer,1
2021,4,01-04-2021,Cigna Health,Non-Cancer,1
2021,4,01-04-2021,Dual Eligible,Non-Cancer,2
2021,4,01-04-2021,Medicaid,Non-Cancer,1
2021,4,01-04-2021,Medicare,Cancer,1
2021,4,01-04-2021,Medicare,Non-Cancer,23
2021,4,01-04-2021,NO_INSURANCE,Cancer,1
2021,4,01-04-2021,NO_INSURANCE,Non-Cancer,4
2021,4,01-04-2021,UnitedHealthcare,Cancer,1
2021,4,01-04-2021,UnitedHealthcare,Non-Cancer,1
2021,5,01-05-2021,Aetna,Non-Cancer,1
2021,5,01-05-2021,Anthem,Non-Cancer,1
2021,5,01-05-2021,Blue Cross Blue Shield,Non-Cancer,2
2021,5,01-05-2021,Cigna Health,Non-Cancer,2
2021,5,01-05-2021,Dual Eligible,Non-Cancer,1
2021,5,01-05-2021,Humana,Cancer,2
2021,5,01-05-2021,Humana,Non-Cancer,3
2021,5,01-05-2021,Medicaid,Cancer,1
2021,5,01-05-2021,Medicare,Cancer,1
2021,5,01-05-2021,Medicare,Non-Cancer,14
2021,5,01-05-2021,NO_INSURANCE,Cancer,1
2021,5,01-05-2021,NO_INSURANCE,Non-Cancer,7
2021,6,01-06-2021,Aetna,Non-Cancer,3
2021,6,01-06-2021,Anthem,Non-Cancer,1
2021,6,01-06-2021,Blue Cross Blue Shield,Non-Cancer,2
2021,6,01-06-2021,Cigna Health,Non-Cancer,2
2021,6,01-06-2021,Dual Eligible,Non-Cancer,2
2021,6,01-06-2021,Humana,Non-Cancer,3
2021,6,01-06-2021,Medicaid,Non-Cancer,1
2021,6,01-06-2021,Medicare,Cancer,2
2021,6,01-06-2021,Medicare,Non-Cancer,14
2021,6,01-06-2021,NO_INSURANCE,Cancer,2
2021,6,01-06-2021,NO_INSURANCE,Non-Cancer,15
2021,6,01-06-2021,UnitedHealthcare,Non-Cancer,2
2021,7,01-07-2021,Anthem,Non-Cancer,2
2021,7,01-07-2021,Blue Cross Blue Shield,Non-Cancer,3
2021,7,01-07-2021,Cigna Health,Non-Cancer,1
2021,7,01-07-2021,Dual Eligible,Non-Cancer,2
2021,7,01-07-2021,Humana,Non-Cancer,4
2021,7,01-07-2021,Medicaid,Non-Cancer,4
2021,7,01-07-2021,Medicare,Cancer,2
2021,7,01-07-2021,Medicare,Non-Cancer,18
2021,7,01-07-2021,NO_INSURANCE,Cancer,3
2021,7,01-07-2021,NO_INSURANCE,Non-Cancer,11
2021,8,01-08-2021,Aetna,Non-Cancer,3
2021,8,01-08-2021,Anthem,Non-Cancer,3
2021,8,01-08-2021,Blue Cross Blue Shield,Non-Cancer,1
2021,8,01-08-2021,Cigna Health,Non-Cancer,2
2021,8,01-08-2021,Dual Eligible,Non-Cancer,2
2021,8,01-08-2021,Humana,Non-Cancer,2
2021,8,01-08-2021,Medicaid,Non-Cancer,6
2021,8,01-08-2021,Medicare,Cancer,1
2021,8,01-08-2021,Medicare,Non-Cancer,11
2021,8,01-08-2021,NO_INSURANCE,Cancer,1
2021,8,01-08-2021,NO_INSURANCE,Non-Cancer,8
2021,8,01-08-2021,UnitedHealthcare,Non-Cancer,1
2021,9,01-09-2021,Aetna,Non-Cancer,3
2021,9,01-09-2021,Anthem,Non-Cancer,3
2021,9,01-09-2021,Blue Cross Blue Shield,Cancer,1
2021,9,01-09-2021,Blue Cross Blue Shield,Non-Cancer,1
2021,9,01-09-2021,Cigna Health,Non-Cancer,1
2021,9,01-09-2021,Dual Eligible,Non-Cancer,2
2021,9,01-09-2021,Humana,Cancer,1
2021,9,01-09-2021,Humana,Non-Cancer,3
2021,9,01-09-2021,Medicaid,Non-Cancer,3
2021,9,01-09-2021,Medicare,Cancer,3
2021,9,01-09-2021,Medicare,Non-Cancer,12
2021,9,01-09-2021,NO_INSURANCE,Cancer,1
2021,9,01-09-2021,NO_INSURANCE,Non-Cancer,7
2021,9,01-09-2021,UnitedHealthcare,Non-Cancer,1
2021,10,01-10-2021,Anthem,Non-Cancer,1
2021,10,01-10-2021,Blue Cross Blue Shield,Non-Cancer,1
2021,10,01-10-2021,Dual Eligible,Non-Cancer,1
2021,10,01-10-2021,Humana,Non-Cancer,1
2021,10,01-10-2021,Medicaid,Non-Cancer,2
2021,10,01-10-2021,Medicare,Cancer,5
2021,10,01-10-2021,Medicare,Non-Cancer,10
2021,10,01-10-2021,NO_INSURANCE,Cancer,1
2021,10,01-10-2021,NO_INSURANCE,Non-Cancer,7
2021,10,01-10-2021,UnitedHealthcare,Non-Cancer,1
2021,11,01-11-2021,Aetna,Non-Cancer,1
2021,11,01-11-2021,Anthem,Non-Cancer,1
2021,11,01-11-2021,Blue Cross Blue Shield,Non-Cancer,3
2021,11,01-11-2021,Cigna Health,Cancer,1
2021,11,01-11-2021,Cigna Health,Non-Cancer,2
2021,11,01-11-2021,Dual Eligible,Non-Cancer,2
2021,11,01-11-2021,Medicaid,Non-Cancer,6
2021,11,01-11-2021,Medicare,Cancer,1
2021,11,01-11-2021,Medicare,Non-Cancer,16
2021,11,01-11-2021,NO_INSURANCE,Cancer,1
2021,11,01-11-2021,NO_INSURANCE,Non-Cancer,8
2021,11,01-11-2021,UnitedHealthcare,Cancer,1
2021,11,01-11-2021,UnitedHealthcare,Non-Cancer,1
2021,12,01-12-2021,Anthem,Non-Cancer,2
2021,12,01-12-2021,Blue Cross Blue Shield,Non-Cancer,2
2021,12,01-12-2021,Dual Eligible,Non-Cancer,1
2021,12,01-12-2021,Medicaid,Non-Cancer,3
2021,12,01-12-2021,Medicare,Cancer,2
2021,12,01-12-2021,Medicare,Non-Cancer,18
2021,12,01-12-2021,NO_INSURANCE,Non-Cancer,9
2022,1,01-01-2022,Aetna,Cancer,1
2022,1,01-01-2022,Blue Cross Blue Shield,Non-Cancer,1
2022,1,01-01-2022,Cigna Health,Non-Cancer,2
2022,1,01-01-2022,Dual Eligible,Non-Cancer,3
2022,1,01-01-2022,Medicaid,Non-Cancer,5
2022,1,01-01-2022,Medicare,Cancer,2
2022,1,01-01-2022,Medicare,Non-Cancer,12
2022,1,01-01-2022,NO_INSURANCE,Non-Cancer,7
2022,1,01-01-2022,UnitedHealthcare,Non-Cancer,2
2022,2,01-02-2022,Medicare,Non-Cancer,1
